{
  "experiment_name": "backbone_convnext_v2",
  "best_epoch": 14,
  "monitor_metric": "pairwise_AP",
  "best_score": 0.7239230922776152,
  "metrics": {
    "id_balanced_mAP": 0.4003488037757749,
    "mAP": 0.4003488037757749,
    "pairwise_AP": 0.7239230922776152,
    "rank1": 0.8666666666666667,
    "rank5": 0.8761904761904762,
    "nDCG@10": 0.9785907066378358,
    "recall@5": 0.8761904761904762,
    "pos_sim": 0.6304811239242554,
    "neg_sim": 0.08840110898017883,
    "sim_gap": 0.5420800149440765,
    "intra_dist": 0.7346526980400085,
    "inter_dist": 1.3427062034606934,
    "dist_gap": 0.6080535054206848
  }
}