{
  "experiment_name": "backbone_miew_id",
  "best_epoch": 38,
  "monitor_metric": "pairwise_AP",
  "best_score": 0.8537432444466203,
  "metrics": {
    "id_balanced_mAP": 0.6282331352903594,
    "mAP": 0.6282331352903594,
    "pairwise_AP": 0.8537432444466203,
    "rank1": 0.935374149659864,
    "rank5": 0.9659863945578231,
    "nDCG@10": 0.976363853537142,
    "recall@5": 0.9659863945578231,
    "pos_sim": 0.5366369485855103,
    "neg_sim": 0.005587558727711439,
    "sim_gap": 0.5310493898577988,
    "intra_dist": 0.9245692491531372,
    "inter_dist": 1.4060825109481812,
    "dist_gap": 0.48151326179504395
  }
}