{
  "experiment_name": "backbone_dinov2_base",
  "best_epoch": 38,
  "monitor_metric": "pairwise_AP",
  "best_score": 0.9339100522840456,
  "metrics": {
    "id_balanced_mAP": 0.6749834576608292,
    "mAP": 0.6749834576608292,
    "pairwise_AP": 0.9339100522840456,
    "rank1": 0.9523809523809523,
    "rank5": 0.9625850340136054,
    "nDCG@10": 0.9882033046829358,
    "recall@5": 0.9625850340136054,
    "pos_sim": 0.8047775030136108,
    "neg_sim": -0.008138684555888176,
    "sim_gap": 0.812916187569499,
    "intra_dist": 0.5325329303741455,
    "inter_dist": 1.4159334897994995,
    "dist_gap": 0.883400559425354
  }
}