{
  "experiment_name": "closed_curated_traink_1_valk_1_p4",
  "best_epoch": 10,
  "monitor_metric": "mAP",
  "best_score": 0.36998674250373614,
  "metrics": {
    "id_balanced_mAP": 0.36998674250373614,
    "mAP": 0.36998674250373614,
    "pairwise_AP": 0.340060326512148,
    "rank1": 0.7850877192982456,
    "rank5": 0.8552631578947368,
    "nDCG@10": 0.9139828668624325,
    "recall@5": 0.8552631578947368,
    "pos_sim": 0.26869866251945496,
    "neg_sim": 0.038504768162965775,
    "sim_gap": 0.23019389435648918,
    "intra_dist": 1.1684455871582031,
    "inter_dist": 1.3821839094161987,
    "dist_gap": 0.2137383222579956
  }
}