setting,mAP,Rank-1,ΔmAP vs original,ΔRank-1 vs original
black_bg,0.6479174505296029,0.5882352941176471,-0.34982278909843567,-0.40866873065015474
blur_bg,0.9921940236221858,0.9907120743034056,-0.005546216005852811,-0.006191950464396245
gray_bg,0.723366256643126,0.6749226006191951,-0.27437398298491256,-0.32198142414860675
mixed_original_random_bg,0.7854245897168292,0.7368421052631579,-0.21231564991120944,-0.26006191950464397
original,0.9977402396280386,0.9969040247678018,0.0,0.0
random_bg,0.5291474531047231,0.43034055727554177,-0.4685927865233155,-0.56656346749226
