setting,mean_delta_ap_vs_original,median_delta_ap_vs_original,rank1_flip_rate_vs_original,mean_delta_first_pos_rank_vs_original
black_bg,-0.3498227890984356,-0.016666666666666607,0.4086687306501548,16.436532507739937
blur_bg,-0.005546216005852813,0.0,0.006191950464396285,0.04643962848297214
gray_bg,-0.27437398298491256,0.0,0.3219814241486068,12.362229102167182
mixed_original_random_bg,-0.21231564991120935,0.0,0.26006191950464397,8.730650154798761
random_bg,-0.4685927865233155,-0.5810882208479964,0.56656346749226,19.4953560371517
