,id_balanced_mAP,mAP,pairwise_AP,rank1,rank5,nDCG@10,recall@5,pos_sim,neg_sim,sim_gap,intra_dist,inter_dist,dist_gap,silhouette
mean,0.6457582735785594,0.6457582735785594,0.9017205256308254,0.9374149659863946,0.9479591836734695,0.9887384308127661,0.9479591836734695,0.8086330711841583,0.020278282137587665,0.7883547890465706,0.5219535499811172,1.392259907722473,0.8703063547611236,0.6475969851016998
std,0.014215715885395469,0.014215715885395469,0.020132832670663386,0.008811500783548965,0.002800246946763789,0.0047227170958641235,0.002800246946763789,0.026698697403668273,0.00964405724970901,0.030881543291463975,0.04322129937803612,0.007833179698809057,0.0473707894636785,0.04464020691403071
