member_set,method_name,method_type,mAP__trainval_gallery,mAP__valonly_gallery,mAP__mean_across_protocols,mAP__delta_protocols,rank1__trainval_gallery,rank1__valonly_gallery,rank1__mean_across_protocols,rank1__delta_protocols,gain_vs_best_single__trainval_gallery,gain_vs_best_single__valonly_gallery,gain_vs_best_single__mean_across_protocols,gain_vs_best_single__delta_protocols,oracle_gap_mAP__trainval_gallery,oracle_gap_mAP__valonly_gallery,oracle_gap_mAP__mean_across_protocols,oracle_gap_mAP__delta_protocols
EVA-02,EVA-02,single,0.904190273354028,0.8416857910676747,0.8729380322108513,0.0625044822863533,0.9238095238095239,0.8208955223880597,0.8723525230987919,0.10291400142146412,0.0,0.0,0.0,0.0,0.0,0.0,0.0,0.0
EVA-02,embedding_concat,fusion,0.904190273354028,0.8416857910676747,0.8729380322108513,0.0625044822863533,0.9238095238095239,0.8208955223880597,0.8723525230987919,0.10291400142146412,0.0,0.0,0.0,0.0,0.0,0.0,0.0,0.0
EVA-02,oracle,oracle,0.904190273354028,0.8416857910676747,0.8729380322108513,0.0625044822863533,0.9238095238095239,0.8208955223880597,0.8723525230987919,0.10291400142146412,0.0,0.0,0.0,0.0,0.0,0.0,0.0,0.0
EVA-02,score_fusion,fusion,0.904190273354028,0.8416857910676747,0.8729380322108513,0.0625044822863533,0.9238095238095239,0.8208955223880597,0.8723525230987919,0.10291400142146412,0.0,0.0,0.0,0.0,0.0,0.0,0.0,0.0
