condition,id_balanced_mAP,pairwise_AP,rank1,sim_gap,best_epoch
full,0.6788071440500534,0.9489416617681488,0.9573170731707317,0.8595156343653798,26
curated,0.7049459353819366,0.9574448559488413,0.9591836734693877,0.8487341646105051,28
delta_curated_minus_full,0.026138791331883238,0.008503194180692564,0.0018666002986560404,-0.010781469754874706,2
