condition,best_pairwise_AP,final_pairwise_AP,post_peak_drop_pairwise_AP
full,0.9489416617681488,0.9474052198092701,-0.0015364419588786982
curated,0.9574448559488413,0.9550556072738663,-0.002389248674975031
delta_curated_minus_full,0.008503194180692564,0.007650387464596231,-0.0008528067160963326
