id_balanced_mAP,mAP,pairwise_AP,rank1,rank5,nDCG@10,recall@5,pos_sim,neg_sim,sim_gap,intra_dist,inter_dist,dist_gap,silhouette
0.06082057698885171,0.06082057698885171,0.06026610934249104,0.06802721088435375,0.2585034013605442,0.5872920827096318,0.2585034013605442,1.0000003576278687,1.0000001192092896,2.384185791015625e-07,3.322937516259117e-07,4.041244778818509e-07,7.183072625593923e-08,-0.017006803303956985
