group,model,id_balanced_mAP,mAP,pairwise_AP,rank1,rank5,nDCG@10,recall@5,pos_sim,neg_sim,sim_gap,intra_dist,inter_dist,dist_gap,silhouette
EVA-02_Adam_JaguardIdScheduler,stability_seed_42_EVA-02_Adam_JaguardIdScheduler,0.6639089417260668,0.6639089417260668,0.9025449014327905,0.9421768707482994,0.9489795918367347,0.9900531264567505,0.9489795918367347,0.8243846297264099,0.027163581922650337,0.7972210478037596,0.49456700682640076,1.3863525390625,0.8917855024337769,0.6538745164871216
EVA-02_Adam_JaguardIdScheduler,stability_seed_123_EVA-02_Adam_JaguardIdScheduler,0.6619321353562007,0.6619321353562007,0.9237201494023232,0.9387755102040817,0.9421768707482994,0.9885431895458473,0.9421768707482994,0.8447583317756653,0.029899712651968002,0.8148586191236973,0.46025073528289795,1.386366367340088,0.9261156320571899,0.7009097933769226
EVA-02_Adam_JaguardIdScheduler,stability_seed_1024_EVA-02_Adam_JaguardIdScheduler,0.6589474525929154,0.6589474525929154,0.9211177314214374,0.9421768707482994,0.9489795918367347,0.9927652912967312,0.9489795918367347,0.8338754773139954,0.007194117177277803,0.8266813601367176,0.48364025354385376,1.4026572704315186,0.9190170168876648,0.6734969019889832
EVA-02_Adam_JaguardIdScheduler,stability_seed_512_EVA-02_Adam_JaguardIdScheduler,0.6566663416834351,0.6566663416834351,0.9023552375009211,0.9387755102040817,0.9421768707482994,0.9925414604251147,0.9421768707482994,0.8268651962280273,0.022745992988348007,0.8041192032396793,0.4936171770095825,1.3909555673599243,0.8973383903503418,0.680585503578186
EVA-02_Adam_JaguardIdScheduler,stability_seed_256_EVA-02_Adam_JaguardIdScheduler,0.6130084610963216,0.6130084610963216,0.8529311255143329,0.9217687074829932,0.935374149659864,0.9727688583985863,0.935374149659864,0.7467202544212341,0.058340609073638916,0.6883796453475952,0.6379149556159973,1.3614588975906372,0.7235439419746399,0.5307371020317078
