{
  "experiment_name": "backbone_swin_transformer",
  "best_epoch": 24,
  "monitor_metric": "pairwise_AP",
  "best_score": 0.6705523632157041,
  "metrics": {
    "id_balanced_mAP": 0.3848906401972718,
    "mAP": 0.3848906401972718,
    "pairwise_AP": 0.6705523632157041,
    "rank1": 0.8476190476190476,
    "rank5": 0.8761904761904762,
    "nDCG@10": 0.9631928233521432,
    "recall@5": 0.8761904761904762,
    "pos_sim": 0.521426796913147,
    "neg_sim": 0.022215595468878746,
    "sim_gap": 0.4992112014442682,
    "intra_dist": 0.8797349333763123,
    "inter_dist": 1.3917205333709717,
    "dist_gap": 0.5119855999946594
  }
}