experiment_name,experiment_group,gallery_protocol,method_name,method_type,member_set,n_members,mAP,rank1,best_single_mAP,gain_vs_best_single,oracle_mAP,oracle_rank1,oracle_gap_mAP
eva_miew_convnext_equal_globalminmax_sq,kaggle_ensemble,trainval_gallery,EVA-02,single,EVA-02+MiewID+ConvNeXt-V2,3,0.7379296724024818,0.9451219512195121,0.7379296724024818,0.0,0.8584376378342566,0.9634146341463414,0.12050796543177489
eva_miew_convnext_equal_globalminmax_sq,kaggle_ensemble,trainval_gallery,MiewID,single,EVA-02+MiewID+ConvNeXt-V2,3,0.704251008807594,0.8902439024390244,0.7379296724024818,-0.0336786635948878,0.8584376378342566,0.9634146341463414,0.1541866290266627
eva_miew_convnext_equal_globalminmax_sq,kaggle_ensemble,trainval_gallery,ConvNeXt-V2,single,EVA-02+MiewID+ConvNeXt-V2,3,0.7226432445673068,0.9085365853658537,0.7379296724024818,-0.015286427835174976,0.8584376378342566,0.9634146341463414,0.13579439326694986
eva_miew_convnext_equal_globalminmax_sq,kaggle_ensemble,trainval_gallery,score_fusion,fusion,EVA-02+MiewID+ConvNeXt-V2,3,0.8407107620665762,0.9542682926829268,0.7379296724024818,0.1027810896640945,0.8584376378342566,0.9634146341463414,0.017726875767680395
eva_miew_convnext_equal_globalminmax_sq,kaggle_ensemble,trainval_gallery,embedding_concat,fusion,EVA-02+MiewID+ConvNeXt-V2,3,0.8367196288421036,0.9573170731707317,0.7379296724024818,0.09878995643962185,0.8584376378342566,0.9634146341463414,0.021718008992153037
eva_miew_convnext_equal_globalminmax_sq,kaggle_ensemble,trainval_gallery,adaptive_margin_top5,fusion,EVA-02+MiewID+ConvNeXt-V2,3,0.8139937543233909,0.9420731707317073,0.7379296724024818,0.07606408192090919,0.8584376378342566,0.9634146341463414,0.0444438835108657
eva_miew_convnext_equal_globalminmax_sq,kaggle_ensemble,trainval_gallery,rrf_k60,fusion,EVA-02+MiewID+ConvNeXt-V2,3,0.8296128696720662,0.9573170731707317,0.7379296724024818,0.0916831972695844,0.8584376378342566,0.9634146341463414,0.028824768162190484
eva_miew_convnext_equal_globalminmax_sq,kaggle_ensemble,trainval_gallery,oracle,oracle,EVA-02+MiewID+ConvNeXt-V2,3,0.8584376378342566,0.9634146341463414,0.7379296724024818,0.12050796543177489,0.8584376378342566,0.9634146341463414,0.0
