{
  "experiment_name": "backbone_dino_small",
  "best_epoch": 8,
  "monitor_metric": "pairwise_AP",
  "best_score": 0.8217305659365602,
  "metrics": {
    "id_balanced_mAP": 0.4209505868762926,
    "mAP": 0.4209505868762926,
    "pairwise_AP": 0.8217305659365602,
    "rank1": 0.8952380952380953,
    "rank5": 0.9047619047619048,
    "nDCG@10": 0.9880674960447884,
    "recall@5": 0.9047619047619048,
    "pos_sim": 0.6599810123443604,
    "neg_sim": 0.04698474705219269,
    "sim_gap": 0.6129962652921677,
    "intra_dist": 0.723688006401062,
    "inter_dist": 1.3750301599502563,
    "dist_gap": 0.6513421535491943
  }
}