{
  "experiment_name": "backbone_miew_id",
  "best_epoch": 15,
  "monitor_metric": "pairwise_AP",
  "best_score": 0.9510680418473183,
  "metrics": {
    "id_balanced_mAP": 0.43668654024987247,
    "mAP": 0.43668654024987247,
    "pairwise_AP": 0.9510680418473183,
    "rank1": 0.9047619047619048,
    "rank5": 0.9047619047619048,
    "nDCG@10": 0.98990987779647,
    "recall@5": 0.9047619047619048,
    "pos_sim": 0.6811881065368652,
    "neg_sim": 0.013311294838786125,
    "sim_gap": 0.6678768116980791,
    "intra_dist": 0.7331584095954895,
    "inter_dist": 1.4000775814056396,
    "dist_gap": 0.6669191718101501
  }
}