member_set,method_name,method_type,mAP__trainval_gallery,mAP__valonly_gallery,mAP__mean_across_protocols,mAP__delta_protocols,rank1__trainval_gallery,rank1__valonly_gallery,rank1__mean_across_protocols,rank1__delta_protocols,gain_vs_best_single__trainval_gallery,gain_vs_best_single__valonly_gallery,gain_vs_best_single__mean_across_protocols,gain_vs_best_single__delta_protocols,oracle_gap_mAP__trainval_gallery,oracle_gap_mAP__valonly_gallery,oracle_gap_mAP__mean_across_protocols,oracle_gap_mAP__delta_protocols
ConvNeXt-V2,ConvNeXt-V2,single,0.3704822421539978,0.4269055782934074,0.3986939102237026,-0.05642333613940964,0.8285714285714286,0.44776119402985076,0.6381663113006397,0.38081023454157786,0.0,0.0,0.0,0.0,0.0,0.0,0.0,0.0
ConvNeXt-V2,embedding_concat,fusion,0.37048217949521245,0.4269055782934074,0.39869387889430996,-0.05642339879819497,0.8285714285714286,0.44776119402985076,0.6381663113006397,0.38081023454157786,-6.265878532696334e-08,0.0,-3.132939266348167e-08,-6.265878532696334e-08,6.265878532696334e-08,0.0,3.132939266348167e-08,6.265878532696334e-08
ConvNeXt-V2,oracle,oracle,0.3704822421539978,0.4269055782934074,0.3986939102237026,-0.05642333613940964,0.8285714285714286,0.44776119402985076,0.6381663113006397,0.38081023454157786,0.0,0.0,0.0,0.0,0.0,0.0,0.0,0.0
ConvNeXt-V2,score_fusion,fusion,0.3704822421539978,0.4269055782934074,0.3986939102237026,-0.05642333613940964,0.8285714285714286,0.44776119402985076,0.6381663113006397,0.38081023454157786,0.0,0.0,0.0,0.0,0.0,0.0,0.0,0.0
