,id_balanced_mAP,mAP,pairwise_AP,rank1,rank5,nDCG@10,recall@5,pos_sim,neg_sim,sim_gap,intra_dist,inter_dist,dist_gap,silhouette
mean,0.5450470128196374,0.5450470128196374,0.7046874127442349,0.9040816326530613,0.9260770975056688,0.9698234244316085,0.9260770975056688,0.6699245134989421,0.11322476156055927,0.5566997519383828,0.7149104555447896,1.3216844956080118,0.6067740440368652,0.39960733652114866
std,0.07061581251420537,0.07061581251420537,0.14411263232048752,0.022569397563491966,0.016081056020163763,0.013342310432728538,0.016081056020163763,0.1085105357420761,0.07838779085708068,0.17332504241260963,0.15905724356235973,0.060399058146976964,0.20755939612535085,0.17616258463080486
