,id_balanced_mAP,mAP,pairwise_AP,rank1,rank5,nDCG@10,recall@5,pos_sim,neg_sim,sim_gap,intra_dist,inter_dist,dist_gap,silhouette
mean,0.5425716589199159,0.5425716589199159,0.6652281990993851,0.907482993197279,0.9251700680272108,0.9687036683131695,0.9251700680272108,0.5820181727409363,0.0636368528008461,0.5183813199400902,0.8352786660194397,1.3591043472290039,0.5238256812095642,0.3277652025222778
std,0.011327002370234925,0.011327002370234925,0.016188339732429075,0.0015211346785712872,0.005378023231578883,0.0030324869804831986,0.005378023231578883,0.008320300599931723,0.008315176051935831,0.01273332939671899,0.008561734939512957,0.006264616059663094,0.011507027331856729,0.021669252985163864
