run_id,explainer,slice_name,faith_gap_mean,faith_random_mean,faith_topk_mean,sanity_mean
EVA-02__val__n332__seed51,GradCAM,easy_pos,0.030915131859750634,0.8174602474613362,0.7865451156015856,-0.013970538133544761
EVA-02__val__n332__seed51,GradCAM,hard_neg,-0.056595475917839144,0.9351016266877392,0.9916971026055784,0.0046684796544435685
EVA-02__val__n332__seed51,GradCAM,hard_pos,-0.009019410664058593,0.8917059657803501,0.9007253764444086,0.002238493154042103
EVA-02__val__n332__seed51,IG,easy_pos,0.046237651393356095,0.8158491254750505,0.7696114740816944,-9.306243368876011e-05
EVA-02__val__n332__seed51,IG,hard_neg,-0.005072476095463856,0.9363212709326342,0.9413937470280981,7.3166681530377656e-06
EVA-02__val__n332__seed51,IG,hard_pos,0.019822227039250982,0.8672120010098779,0.8473897739706269,0.00018387127250232068
