{
  "experiment_name": "bg_train_gray_bg",
  "best_epoch": 17,
  "monitor_metric": "pairwise_AP",
  "best_score": 0.9468727260559267,
  "metrics": {
    "id_balanced_mAP": 0.4284985207965961,
    "mAP": 0.4284985207965961,
    "pairwise_AP": 0.9468727260559267,
    "rank1": 0.9047619047619048,
    "rank5": 0.9047619047619048,
    "nDCG@10": 0.9947371668761023,
    "recall@5": 0.9047619047619048,
    "pos_sim": 0.8088846206665039,
    "neg_sim": 0.2339918464422226,
    "sim_gap": 0.5748927742242813,
    "intra_dist": 0.5418283939361572,
    "inter_dist": 1.228280782699585,
    "dist_gap": 0.6864523887634277
  }
}