id_balanced_mAP,mAP,pairwise_AP,rank1,rank5,nDCG@10,recall@5,pos_sim,neg_sim,sim_gap,intra_dist,inter_dist,dist_gap,silhouette
0.057727389086215206,0.057727389086215206,0.04895532929380471,0.027210884353741496,0.13945578231292516,0.4847357845849588,0.13945578231292516,1.0,1.0,0.0,3.0607648682234867e-07,3.822244138973474e-07,7.614792707499873e-08,-0.7641509175300598
