{
  "experiment_name": "bg_train_original",
  "best_epoch": 15,
  "monitor_metric": "pairwise_AP",
  "best_score": 0.9243176114066259,
  "metrics": {
    "id_balanced_mAP": 0.4572855657225072,
    "mAP": 0.4572855657225072,
    "pairwise_AP": 0.9243176114066259,
    "rank1": 0.9047619047619048,
    "rank5": 0.9142857142857143,
    "nDCG@10": 0.9950079344215444,
    "recall@5": 0.9142857142857143,
    "pos_sim": 0.7525491714477539,
    "neg_sim": 0.0404372438788414,
    "sim_gap": 0.7121119275689125,
    "intra_dist": 0.592593789100647,
    "inter_dist": 1.3788080215454102,
    "dist_gap": 0.7862142324447632
  }
}