{
  "experiment_name": "closed_curated_traink_1_valk_50_p4",
  "best_epoch": 27,
  "monitor_metric": "pairwise_AP",
  "best_score": 0.8673794642617308,
  "metrics": {
    "id_balanced_mAP": 0.5988765620244828,
    "mAP": 0.5988765620244828,
    "pairwise_AP": 0.8673794642617308,
    "rank1": 0.9512195121951219,
    "rank5": 0.9664634146341463,
    "nDCG@10": 0.9835738259926832,
    "recall@5": 0.9664634146341463,
    "pos_sim": 0.5532791614532471,
    "neg_sim": -0.005188701208680868,
    "sim_gap": 0.5584678626619279,
    "intra_dist": 0.8978717923164368,
    "inter_dist": 1.4140033721923828,
    "dist_gap": 0.516131579875946
  }
}