{
  "experiment_name": "closed_curated_traink_1_valk_50_p4",
  "best_epoch": 10,
  "monitor_metric": "mAP",
  "best_score": 0.4179065208432502,
  "metrics": {
    "id_balanced_mAP": 0.4179065208432502,
    "mAP": 0.4179065208432502,
    "pairwise_AP": 0.4247665963083723,
    "rank1": 0.8841463414634146,
    "rank5": 0.9207317073170732,
    "nDCG@10": 0.9530551721057926,
    "recall@5": 0.9207317073170732,
    "pos_sim": 0.3419764041900635,
    "neg_sim": 0.04267168417572975,
    "sim_gap": 0.2993047200143337,
    "intra_dist": 1.0737602710723877,
    "inter_dist": 1.3789373636245728,
    "dist_gap": 0.30517709255218506
  }
}