explainer,pair_type,sanity_mean,sanity_median,sanity_std,sanity_metric,sanity_vec_path,faith_mean,faith_median,faith_std,faith_metric,faith_vec_path,complexity_mean,complexity_median,complexity_std,complexity_metric,complexity_vec_path
GradCAM,easy_pos,0.06433314085006714,0.03237141668796539,0.15497195720672607,parameter_randomization_spearman,sanity__GradCAM__easy_pos.npy,0.3604885935783386,0.3651358485221863,0.06199336424469948,deletion_auc,faith__GradCAM__easy_pos.npy,0.5245077013969421,0.5353047847747803,0.11747626215219498,sparseness,complexity__GradCAM__easy_pos.npy
GradCAM,hard_neg,0.09432582557201385,0.1616828441619873,0.15951433777809143,parameter_randomization_spearman,sanity__GradCAM__hard_neg.npy,0.42106595635414124,0.4257630705833435,0.080524742603302,deletion_auc,faith__GradCAM__hard_neg.npy,0.4562254548072815,0.47559040784835815,0.04586341604590416,sparseness,complexity__GradCAM__hard_neg.npy
IG,easy_pos,-0.002558697247877717,-0.003641502931714058,0.0046914117410779,parameter_randomization_spearman,sanity__IG__easy_pos.npy,0.3215137720108032,0.302178293466568,0.06538572907447815,deletion_auc,faith__IG__easy_pos.npy,0.6489861011505127,0.6569445133209229,0.04182039946317673,sparseness,complexity__IG__easy_pos.npy
IG,hard_neg,-0.0009050125372596085,-0.0027943775057792664,0.005315066315233707,parameter_randomization_spearman,sanity__IG__hard_neg.npy,0.3757784068584442,0.35815656185150146,0.05522363632917404,deletion_auc,faith__IG__hard_neg.npy,0.6561470031738281,0.6657376885414124,0.04377654194831848,sparseness,complexity__IG__hard_neg.npy
