id_balanced_mAP,mAP,pairwise_AP,rank1,rank5,nDCG@10,recall@5,pos_sim,neg_sim,sim_gap,intra_dist,inter_dist,dist_gap,silhouette
0.048973981745708564,0.048973981745708564,0.05004836902931852,0.04421768707482993,0.19727891156462585,0.5442618557529532,0.19727891156462585,1.0,1.0,0.0,3.218426911644201e-07,4.012111674001062e-07,7.93684762356861e-08,-0.685151994228363
