{
  "experiment_name": "backbone_eva02",
  "best_epoch": 9,
  "monitor_metric": "pairwise_AP",
  "best_score": 0.9067905003770684,
  "metrics": {
    "id_balanced_mAP": 0.4539486129783255,
    "mAP": 0.4539486129783255,
    "pairwise_AP": 0.9067905003770684,
    "rank1": 0.9047619047619048,
    "rank5": 0.9047619047619048,
    "nDCG@10": 0.9998184111076199,
    "recall@5": 0.9047619047619048,
    "pos_sim": 0.7564617395401001,
    "neg_sim": 0.09254846721887589,
    "sim_gap": 0.6639132723212242,
    "intra_dist": 0.5799208879470825,
    "inter_dist": 1.3414781093597412,
    "dist_gap": 0.7615572214126587
  }
}