,id_balanced_mAP,mAP,pairwise_AP,rank1,rank5,nDCG@10,recall@5,pos_sim,neg_sim,sim_gap,intra_dist,inter_dist,dist_gap,silhouette
mean,0.0494953810324977,0.0494953810324977,0.05212784144083373,0.03809523809523809,0.15510204081632653,0.5231210813562597,0.15510204081632653,1.000000035762787,1.0,3.5762786865234374e-08,3.203516996563849e-07,3.937567271350417e-07,7.340502747865684e-08,-0.6176554657518863
std,0.009862747356075893,0.009862747356075893,0.004609434879792475,0.02032295135549613,0.07869575227582222,0.05143017713797368,0.07869575227582222,1.9588085085338333e-07,8.429369702178807e-08,1.1619084292422489e-07,9.34528603070204e-09,1.0127122085591273e-08,6.205144995860361e-09,0.3416364271237132
