id_balanced_mAP,mAP,pairwise_AP,rank1,rank5,nDCG@10,recall@5,pos_sim,neg_sim,sim_gap,intra_dist,inter_dist,dist_gap,silhouette
0.04238749253441691,0.04238749253441691,0.0503670516909117,0.03741496598639456,0.1326530612244898,0.5411362971303871,0.1326530612244898,1.0,1.0,0.0,3.2034529340307927e-07,3.8374156474674237e-07,6.33962713436631e-08,-0.8625327348709106
