,id_balanced_mAP,mAP,pairwise_AP,rank1,rank5,nDCG@10,recall@5,pos_sim,neg_sim,sim_gap,intra_dist,inter_dist,dist_gap,silhouette
mean,0.6508926664909879,0.6508926664909879,0.9005338290543611,0.936734693877551,0.9435374149659864,0.9873343852246059,0.9435374149659864,0.8153207778930665,0.029068802762776614,0.7862519751302898,0.5139980256557465,1.3855581283569336,0.8715600967407227,0.6479207634925842
std,0.021358377844433094,0.021358377844433094,0.028437131593639774,0.008537347209531393,0.005691564806354262,0.008330901907985609,0.005691564806354262,0.03915451849579666,0.018571744097568524,0.05583777078574338,0.07063765738803711,0.015029722798741684,0.08398040728662381,0.06763212824062886
