id_balanced_mAP,mAP,pairwise_AP,rank1,rank5,nDCG@10,recall@5,pos_sim,neg_sim,sim_gap,intra_dist,inter_dist,dist_gap,silhouette
0.0375674648072961,0.0375674648072961,0.051002347847642675,0.013605442176870748,0.047619047619047616,0.4581793866033676,0.047619047619047616,0.9999998211860657,0.9999998807907104,-5.960464477539063e-08,3.212002752661647e-07,3.9748201174916176e-07,7.628173648299708e-08,-0.7594348788261414
