{
  "experiment_name": "bg_train_mixed_original_random_bg",
  "best_epoch": 18,
  "monitor_metric": "pairwise_AP",
  "best_score": 0.9801167263033795,
  "metrics": {
    "id_balanced_mAP": 0.45708878454558954,
    "mAP": 0.45708878454558954,
    "pairwise_AP": 0.9801167263033795,
    "rank1": 0.9047619047619048,
    "rank5": 0.9142857142857143,
    "nDCG@10": 0.9904537709250724,
    "recall@5": 0.9142857142857143,
    "pos_sim": 0.8541696071624756,
    "neg_sim": 0.02322160080075264,
    "sim_gap": 0.830948006361723,
    "intra_dist": 0.46640074253082275,
    "inter_dist": 1.390760898590088,
    "dist_gap": 0.9243601560592651
  }
}