{
  "experiment_name": "bg_train_random_bg",
  "best_epoch": 17,
  "monitor_metric": "pairwise_AP",
  "best_score": 0.9788425935067334,
  "metrics": {
    "id_balanced_mAP": 0.43590236385100295,
    "mAP": 0.43590236385100295,
    "pairwise_AP": 0.9788425935067334,
    "rank1": 0.9047619047619048,
    "rank5": 0.9047619047619048,
    "nDCG@10": 0.9900617280669683,
    "recall@5": 0.9047619047619048,
    "pos_sim": 0.8313873410224915,
    "neg_sim": 0.08877892047166824,
    "sim_gap": 0.7426084205508232,
    "intra_dist": 0.5121647119522095,
    "inter_dist": 1.3414615392684937,
    "dist_gap": 0.8292968273162842
  }
}