{
  "experiment_name": "closed_keep_all",
  "best_epoch": 21,
  "monitor_metric": "pairwise_AP",
  "best_score": 0.8976080086339229,
  "metrics": {
    "id_balanced_mAP": 0.6015219879537741,
    "mAP": 0.6015219879537741,
    "pairwise_AP": 0.8976080086339229,
    "rank1": 0.9420731707317073,
    "rank5": 0.9542682926829268,
    "nDCG@10": 0.9756892614639184,
    "recall@5": 0.9542682926829268,
    "pos_sim": 0.5889872908592224,
    "neg_sim": -0.004857222083956003,
    "sim_gap": 0.5938445129431784,
    "intra_dist": 0.8597722053527832,
    "inter_dist": 1.4135674238204956,
    "dist_gap": 0.5537952184677124
  }
}