{
  "experiment_name": "closed_keep_all",
  "best_epoch": 30,
  "monitor_metric": "mAP",
  "best_score": 0.4445879872672533,
  "metrics": {
    "id_balanced_mAP": 0.4445879872672533,
    "mAP": 0.4445879872672533,
    "pairwise_AP": 0.4813193251530998,
    "rank1": 0.8932926829268293,
    "rank5": 0.9359756097560976,
    "nDCG@10": 0.9513274706926828,
    "recall@5": 0.9359756097560976,
    "pos_sim": 0.3600235879421234,
    "neg_sim": 0.027318522334098816,
    "sim_gap": 0.3327050656080246,
    "intra_dist": 1.0592992305755615,
    "inter_dist": 1.3908250331878662,
    "dist_gap": 0.3315258026123047
  }
}