threshold,kept_ids,kept_samples,removed_ids,removed_samples,min_imgs_per_id,median_imgs_per_id,mean_imgs_per_id,max_imgs_per_id
10,31,1895,0,0,13,45.0,61.12903225806452,183
20,24,1782,7,113,20,62.5,74.25,183
30,19,1669,12,226,31,79.0,87.84210526315789,183
40,16,1568,15,327,45,86.0,98.0,183
50,15,1523,16,372,50,86.0,101.53333333333333,183
