{
  "experiment_name": "backbone_eva02",
  "best_epoch": 28,
  "monitor_metric": "pairwise_AP",
  "best_score": 0.9498442831948808,
  "metrics": {
    "id_balanced_mAP": 0.6783564319024217,
    "mAP": 0.6783564319024217,
    "pairwise_AP": 0.9498442831948808,
    "rank1": 0.9523809523809523,
    "rank5": 0.9591836734693877,
    "nDCG@10": 0.9941792156866871,
    "recall@5": 0.9591836734693877,
    "pos_sim": 0.7986679077148438,
    "neg_sim": 0.0040734619833528996,
    "sim_gap": 0.7945944457314909,
    "intra_dist": 0.558997392654419,
    "inter_dist": 1.4075846672058105,
    "dist_gap": 0.8485872745513916
  }
}