member_set,method_name,method_type,mAP__trainval_gallery,mAP__valonly_gallery,mAP__mean_across_protocols,mAP__delta_protocols,rank1__trainval_gallery,rank1__valonly_gallery,rank1__mean_across_protocols,rank1__delta_protocols,gain_vs_best_single__trainval_gallery,gain_vs_best_single__valonly_gallery,gain_vs_best_single__mean_across_protocols,gain_vs_best_single__delta_protocols,oracle_gap_mAP__trainval_gallery,oracle_gap_mAP__valonly_gallery,oracle_gap_mAP__mean_across_protocols,oracle_gap_mAP__delta_protocols,run_name,model_name
MiewID,MiewID,single,0.9422441882187564,0.883419688974341,0.9128319385965488,0.0588244992444153,0.9523809523809524,0.9402985074626866,0.9463397299218196,0.0120824449182657,0.0,0.0,0.0,0.0,0.0,0.0,0.0,0.0,single_miew_id,MiewID
EVA-02,EVA-02,single,0.904190273354028,0.8416857910676747,0.8729380322108513,0.0625044822863533,0.923809523809524,0.8208955223880597,0.8723525230987919,0.1029140014214641,0.0,0.0,0.0,0.0,0.0,0.0,0.0,0.0,single_eva02,EVA-02
DINOv2-Base,DINOv2-Base,single,0.6551543540781494,0.5412830915921301,0.5982187228351397,0.1138712624860193,0.8285714285714286,0.5522388059701493,0.690405117270789,0.2763326226012793,0.0,0.0,0.0,0.0,0.0,0.0,0.0,0.0,single_dinov2_base,DINOv2-Base
MegaDescriptor-L,MegaDescriptor-L,single,0.4146448601483771,0.456369285343045,0.4355070727457111,-0.0417244251946678,0.7428571428571429,0.3582089552238806,0.5505330490405117,0.3846481876332623,0.0,0.0,0.0,0.0,0.0,0.0,0.0,0.0,single_megadescriptor_l,MegaDescriptor-L
ConvNeXt-V2,ConvNeXt-V2,single,0.3704822421539978,0.4269055782934074,0.3986939102237026,-0.0564233361394096,0.8285714285714286,0.4477611940298507,0.6381663113006397,0.3808102345415778,0.0,0.0,0.0,0.0,0.0,0.0,0.0,0.0,single_convnext,ConvNeXt-V2
