member_set,method_name,method_type,mAP__trainval_gallery,mAP__valonly_gallery,mAP__mean_across_protocols,mAP__delta_protocols,rank1__trainval_gallery,rank1__valonly_gallery,rank1__mean_across_protocols,rank1__delta_protocols,gain_vs_best_single__trainval_gallery,gain_vs_best_single__valonly_gallery,gain_vs_best_single__mean_across_protocols,gain_vs_best_single__delta_protocols,oracle_gap_mAP__trainval_gallery,oracle_gap_mAP__valonly_gallery,oracle_gap_mAP__mean_across_protocols,oracle_gap_mAP__delta_protocols
MiewID,MiewID,single,0.9422441882187563,0.883419688974341,0.9128319385965487,0.05882449924441535,0.9523809523809523,0.9402985074626866,0.9463397299218195,0.012082444918265711,0.0,0.0,0.0,0.0,0.0,0.0,0.0,0.0
MiewID,embedding_concat,fusion,0.9422441882187563,0.883419688974341,0.9128319385965487,0.05882449924441535,0.9523809523809523,0.9402985074626866,0.9463397299218195,0.012082444918265711,0.0,0.0,0.0,0.0,0.0,0.0,0.0,0.0
MiewID,oracle,oracle,0.9422441882187563,0.883419688974341,0.9128319385965487,0.05882449924441535,0.9523809523809523,0.9402985074626866,0.9463397299218195,0.012082444918265711,0.0,0.0,0.0,0.0,0.0,0.0,0.0,0.0
MiewID,score_fusion,fusion,0.9422441882187563,0.883419688974341,0.9128319385965487,0.05882449924441535,0.9523809523809523,0.9402985074626866,0.9463397299218195,0.012082444918265711,0.0,0.0,0.0,0.0,0.0,0.0,0.0,0.0
