experiment_name,experiment_group,gallery_protocol,method_name,method_type,member_set,n_members,mAP,rank1,best_single_mAP,gain_vs_best_single,oracle_mAP,oracle_rank1,oracle_gap_mAP
single_miew_id,kaggle_ensemble,valonly_gallery,MiewID,single,MiewID,1,0.883419688974341,0.9402985074626866,0.883419688974341,0.0,0.883419688974341,0.9402985074626866,0.0
single_miew_id,kaggle_ensemble,valonly_gallery,score_fusion,fusion,MiewID,1,0.883419688974341,0.9402985074626866,0.883419688974341,0.0,0.883419688974341,0.9402985074626866,0.0
single_miew_id,kaggle_ensemble,valonly_gallery,embedding_concat,fusion,MiewID,1,0.883419688974341,0.9402985074626866,0.883419688974341,0.0,0.883419688974341,0.9402985074626866,0.0
single_miew_id,kaggle_ensemble,valonly_gallery,oracle,oracle,MiewID,1,0.883419688974341,0.9402985074626866,0.883419688974341,0.0,0.883419688974341,0.9402985074626866,0.0
