,id_balanced_mAP,mAP,pairwise_AP,rank1,rank5,nDCG@10,recall@5,pos_sim,neg_sim,sim_gap,intra_dist,inter_dist,dist_gap,silhouette
mean,0.5790039591679885,0.5790039591679885,0.7619648767053582,0.9182161753590324,0.9348450491307635,0.9758564058449276,0.9348450491307635,0.6947487963570489,0.06823817846468754,0.6265106178923614,0.6783390879631043,1.3559994061787923,0.677660322189331,0.4657942639456855
std,0.06636967834386215,0.06636967834386215,0.13623302333319665,0.02253823492923066,0.014593014361511832,0.01340359316629347,0.014593014361511832,0.11611024880388143,0.06365789937938562,0.16582653434594738,0.16860125552513405,0.0489040788407683,0.20545889511645396,0.1804719159687193
