{
  "experiment_name": "bg_train_blur_bg",
  "best_epoch": 15,
  "monitor_metric": "pairwise_AP",
  "best_score": 0.9679969559557671,
  "metrics": {
    "id_balanced_mAP": 0.4612310592602984,
    "mAP": 0.4612310592602984,
    "pairwise_AP": 0.9679969559557671,
    "rank1": 0.9142857142857143,
    "rank5": 0.9142857142857143,
    "nDCG@10": 0.9999999962169199,
    "recall@5": 0.9142857142857143,
    "pos_sim": 0.7816745638847351,
    "neg_sim": -0.009301525540649891,
    "sim_gap": 0.790976089425385,
    "intra_dist": 0.5451233386993408,
    "inter_dist": 1.4159789085388184,
    "dist_gap": 0.8708555698394775
  }
}