{
  "experiment_name": "backbone_megadescriptor_l",
  "best_epoch": 15,
  "monitor_metric": "pairwise_AP",
  "best_score": 0.9711908575161134,
  "metrics": {
    "id_balanced_mAP": 0.45134992984962274,
    "mAP": 0.45134992984962274,
    "pairwise_AP": 0.9711908575161134,
    "rank1": 0.9047619047619048,
    "rank5": 0.9142857142857143,
    "nDCG@10": 0.9890434519269563,
    "recall@5": 0.9142857142857143,
    "pos_sim": 0.8191555738449097,
    "neg_sim": -0.00736650126054883,
    "sim_gap": 0.8265220751054585,
    "intra_dist": 0.4616546928882599,
    "inter_dist": 1.4154735803604126,
    "dist_gap": 0.9538189172744751
  }
}