{
  "experiment_name": "closed_curated_traink_3_valk_1_p4",
  "best_epoch": 30,
  "monitor_metric": "mAP",
  "best_score": 0.38876148699729396,
  "metrics": {
    "id_balanced_mAP": 0.38876148699729396,
    "mAP": 0.38876148699729396,
    "pairwise_AP": 0.38483810457446377,
    "rank1": 0.793859649122807,
    "rank5": 0.868421052631579,
    "nDCG@10": 0.9152380531746774,
    "recall@5": 0.868421052631579,
    "pos_sim": 0.2785777449607849,
    "neg_sim": 0.022168448194861412,
    "sim_gap": 0.2564092967659235,
    "intra_dist": 1.1595224142074585,
    "inter_dist": 1.3943289518356323,
    "dist_gap": 0.23480653762817383
  }
}