{
  "experiment_name": "closed_curated_traink_3_valk_1_p4",
  "best_epoch": 22,
  "monitor_metric": "pairwise_AP",
  "best_score": 0.8397544174015097,
  "metrics": {
    "id_balanced_mAP": 0.5772489258314835,
    "mAP": 0.5772489258314835,
    "pairwise_AP": 0.8397544174015097,
    "rank1": 0.9035087719298246,
    "rank5": 0.9254385964912281,
    "nDCG@10": 0.97365747572214,
    "recall@5": 0.9254385964912281,
    "pos_sim": 0.5094586610794067,
    "neg_sim": -0.00543220853433013,
    "sim_gap": 0.5148908696137369,
    "intra_dist": 0.9586421251296997,
    "inter_dist": 1.413977026939392,
    "dist_gap": 0.4553349018096924
  }
}