run_id,explainer,group,complexity_mean,faith_gap_mean,faith_random_mean,faith_topk_mean,sanity_mean
eva02_val_n332_all_groups,GradCAM,all,0.5785224120839533,0.0018737617745456926,-0.0012388157557292156,0.0006349460188164769,-0.008493009722736911
eva02_val_n332_all_groups,GradCAM,orig_rank1_correct,0.5790064154794929,0.0018723896983166837,-0.0012056791530274914,0.0006667105452891923,-0.029312222989950804
eva02_val_n332_all_groups,GradCAM,orig_rank1_wrong,0.4183174967765808,0.014426231384277344,-0.02426433563232422,-0.009838104248046875,0.012227200902998447
eva02_val_n332_all_groups,IG,all,0.6043586161840393,0.0004596451678908015,-0.0012388157557292156,-0.0007791705878384142,0.00014601397409692198
eva02_val_n332_all_groups,IG,orig_rank1_correct,0.6041285244359711,0.00048649779259258164,-0.0012056791530274914,-0.0007191813604349096,-0.0001314016642447528
eva02_val_n332_all_groups,IG,orig_rank1_wrong,0.6805259585380554,0.0038471221923828125,-0.02426433563232422,-0.020417213439941406,0.0041407993994653225
