run_id,group,complexity_mean__GradCAM,complexity_mean__IG,faith_gap_mean__GradCAM,faith_gap_mean__IG,faith_random_mean__GradCAM,faith_random_mean__IG,faith_topk_mean__GradCAM,faith_topk_mean__IG,sanity_mean__GradCAM,sanity_mean__IG,sanity_mean__GradCAM_minus_IG,faith_topk_mean__GradCAM_minus_IG,faith_random_mean__GradCAM_minus_IG,faith_gap_mean__GradCAM_minus_IG,complexity_mean__GradCAM_minus_IG
eva02_val_n332_all_groups,all,0.5785224120839533,0.6043586161840393,0.0018737617745456926,0.0004596451678908015,-0.0012388157557292156,-0.0012388157557292156,0.0006349460188164769,-0.0007791705878384142,-0.008493009722736911,0.00014601397409692198,-0.008639023696833833,0.001414116606654891,0.0,0.0014141166066548912,-0.025836204100086024
eva02_val_n332_all_groups,orig_rank1_correct,0.5790064154794929,0.6041285244359711,0.0018723896983166837,0.00048649779259258164,-0.0012056791530274914,-0.0012056791530274914,0.0006667105452891923,-0.0007191813604349096,-0.029312222989950804,-0.0001314016642447528,-0.02918082132570605,0.0013858919057241018,0.0,0.001385891905724102,-0.02512210895647815
eva02_val_n332_all_groups,orig_rank1_wrong,0.4183174967765808,0.6805259585380554,0.014426231384277344,0.0038471221923828125,-0.02426433563232422,-0.02426433563232422,-0.009838104248046875,-0.020417213439941406,0.012227200902998447,0.0041407993994653225,0.008086401503533125,0.010579109191894531,0.0,0.010579109191894531,-0.2622084617614746
