backbone_name,head_type,orig_rank1,jaguar_only_rank1,bg_only_rank1,rank1_gap_jag_minus_bg,share_bg_better_rank1,orig_mean_margin,jaguar_only_mean_margin,bg_only_mean_margin,margin_gap_jag_minus_bg,share_bg_better_margin
eva02,triplet,0.9969879518072289,0.7289156626506024,0.8644578313253012,-0.13554216867469882,0.23493975903614459,0.6657172166349659,0.17042733435743454,0.34973728090120726,-0.17930994654377272,0.6445783132530121
miewid,triplet,0.9939759036144579,0.9668674698795181,0.33433734939759036,0.6325301204819278,0.018072289156626505,0.44692038493343145,0.3537154387548027,-0.11286769658944244,0.46658313534424517,0.06626506024096386
