background,backbone_name,head_type,group,jaguar_only_rank1,bg_only_rank1,share_bg_better_rank1,share_bg_better_margin,share_bg_more_stable
base,eva02,triplet,all,0.7289156626506024,0.8644578313253012,0.23493975903614459,0.6445783132530121,0.6626506024096386
base,eva02,triplet,orig_rank1_correct,0.7311178247734139,0.8670694864048338,0.23564954682779457,0.6435045317220544,0.6616314199395771
base,eva02,triplet,orig_rank1_wrong,0.0,0.0,0.0,1.0,1.0
base,miewid,triplet,all,0.9668674698795181,0.33433734939759036,0.018072289156626505,0.06626506024096386,0.06325301204819277
base,miewid,triplet,orig_rank1_correct,0.9696969696969697,0.33636363636363636,0.01818181818181818,0.06666666666666667,0.06060606060606061
base,miewid,triplet,orig_rank1_wrong,0.5,0.0,0.0,0.0,0.5
