,id_balanced_mAP,mAP,pairwise_AP,rank1,rank5,nDCG@10,recall@5,pos_sim,neg_sim,sim_gap,intra_dist,inter_dist,dist_gap,silhouette
mean,0.580602129325317,0.580602129325317,0.7583174672514942,0.9231292517006804,0.938095238095238,0.9756856164569396,0.938095238095238,0.6812271038691203,0.05675863480816285,0.6244684690609574,0.6937115530172984,1.365105668703715,0.6713941256205241,0.4567890644073486
std,0.061609627848935,0.061609627848935,0.12807480047947073,0.022185335271346567,0.012141883925469733,0.013921851509177132,0.012141883925469733,0.12433557301174682,0.050513642241769685,0.1661661779154352,0.18672838358318375,0.03904753153654731,0.21845515289325135,0.18633628474264619
