{
  "experiment_name": "closed_curated_traink_3_valk_3_p4",
  "best_epoch": 30,
  "monitor_metric": "mAP",
  "best_score": 0.42279711236280165,
  "metrics": {
    "id_balanced_mAP": 0.42279711236280165,
    "mAP": 0.42279711236280165,
    "pairwise_AP": 0.42304974803352874,
    "rank1": 0.8741496598639455,
    "rank5": 0.9251700680272109,
    "nDCG@10": 0.9458820882552322,
    "recall@5": 0.9251700680272109,
    "pos_sim": 0.3091326653957367,
    "neg_sim": 0.02352943830192089,
    "sim_gap": 0.2856032270938158,
    "intra_dist": 1.1224204301834106,
    "inter_dist": 1.3932709693908691,
    "dist_gap": 0.2708505392074585
  }
}