{
  "experiment_name": "closed_curated_traink_3_valk_3_p4",
  "best_epoch": 19,
  "monitor_metric": "pairwise_AP",
  "best_score": 0.8655327705855687,
  "metrics": {
    "id_balanced_mAP": 0.5992493828600172,
    "mAP": 0.5992493828600172,
    "pairwise_AP": 0.8655327705855687,
    "rank1": 0.9251700680272109,
    "rank5": 0.95578231292517,
    "nDCG@10": 0.9786546702556668,
    "recall@5": 0.95578231292517,
    "pos_sim": 0.5389838814735413,
    "neg_sim": -0.00048819195944815874,
    "sim_gap": 0.5394720734329894,
    "intra_dist": 0.9210734963417053,
    "inter_dist": 1.4104194641113281,
    "dist_gap": 0.4893459677696228
  }
}