model,pair_type,metric,n_IG,n_GradCAM,p_value,significance,mean_IG,mean_GradCAM,median_IG,median_GradCAM,u_stat
MiewID,easy_pos,complexity,10,10,0.017257456083119765,*,0.648986142873764,0.5245077341794968,0.6569445133209229,0.5353048145771027,82.0
MiewID,hard_neg,complexity,10,10,0.00018267179110955002,***,0.6561469972133637,0.45622541904449465,0.6657376885414124,0.47559039294719696,100.0
MiewID,easy_pos,faith,10,10,0.161972410480126,ns,0.32151376605033877,0.3604886010289192,0.302178293466568,0.3651358634233475,31.0
MiewID,hard_neg,faith,10,10,0.3846730627355087,ns,0.37577841281890867,0.421065965294838,0.35815657675266266,0.4257630556821823,38.0
MiewID,easy_pos,sanity,10,10,0.10410988966022681,ns,-0.0025586971605662256,0.0643331443425268,-0.0036415030481293797,0.032371414825320244,28.0
MiewID,hard_neg,sanity,10,10,0.47267559351158717,ns,-0.0009050125838257373,0.09432582147419452,-0.0027943775639869273,0.1616828367114067,40.0
