{
  "experiment_name": "backbone_dinov2_base",
  "best_epoch": 15,
  "monitor_metric": "pairwise_AP",
  "best_score": 0.9884540395750684,
  "metrics": {
    "id_balanced_mAP": 0.4605459904507526,
    "mAP": 0.4605459904507526,
    "pairwise_AP": 0.9884540395750684,
    "rank1": 0.9142857142857143,
    "rank5": 0.9142857142857143,
    "nDCG@10": 0.9975461052616885,
    "recall@5": 0.9142857142857143,
    "pos_sim": 0.804141640663147,
    "neg_sim": 0.02460118941962719,
    "sim_gap": 0.7795404512435198,
    "intra_dist": 0.562978208065033,
    "inter_dist": 1.3894106149673462,
    "dist_gap": 0.8264324069023132
  }
}